

CREATE TABLE `users` (
  `user_id` int(11) NOT NULL AUTO_INCREMENT,
  `username` varchar(225) NOT NULL,
  `firstname` varchar(225) NOT NULL,
  `lastname` varchar(225) NOT NULL,
  `email` varchar(225) NOT NULL,
  `phone` varchar(225) NOT NULL,
  `address` varchar(225) NOT NULL,
  `age` varchar(225) NOT NULL,
  `birthday` date NOT NULL,
  `start_date` date NOT NULL,
  `password` varchar(225) NOT NULL,
  `role` varchar(225) NOT NULL COMMENT 'Admin, Cashier, Employee, Supplier',
  `about` varchar(225) NOT NULL,
  `store` varchar(255) NOT NULL,
  `image` varchar(225) NOT NULL,
  `signature` varchar(225) NOT NULL,
  `session_attempt` int(11) NOT NULL,
  `code` varchar(225) NOT NULL,
  `time` varchar(225) NOT NULL,
  `status` varchar(225) NOT NULL,
  `date_created_at` datetime NOT NULL,
  `date_updated_at` datetime NOT NULL,
  PRIMARY KEY (`user_id`)
) ENGINE=InnoDB DEFAULT CHARSET=latin1 COLLATE=latin1_swedish_ci;

CREATE TABLE `loginhistory` (
  `log_id` int(11) NOT NULL AUTO_INCREMENT,
  `user_id` int(11) NOT NULL,
  `date_created_at` datetime NOT NULL,
  PRIMARY KEY (`log_id`)
) ENGINE=InnoDB DEFAULT CHARSET=latin1 COLLATE=latin1_swedish_ci;


CREATE TABLE `category` (
  `ca_id` int(222) NOT NULL AUTO_INCREMENT,
  `category_name` varchar(222) NOT NULL,
  `date_created_at` datetime NOT NULL,
  `date_updated_at` datetime NOT NULL,
  PRIMARY KEY (`ca_id`)
) ENGINE=InnoDB DEFAULT CHARSET=latin1 COLLATE=latin1_swedish_ci;

CREATE TABLE `product` (
  `pr_id` int(222) NOT NULL AUTO_INCREMENT,
  `ca_id` int(11) NOT NULL,
  `product_name` varchar(222) NOT NULL,
  `category` varchar(222) NOT NULL,
  `material_cost` decimal(10,2) DEFAULT NULL,
  `selling_price` decimal(10,2) DEFAULT NULL,
  `image` varchar(222) NOT NULL,
  `date_created_at` datetime NOT NULL,
  `date_updated_at` datetime NOT NULL,
  PRIMARY KEY (`pr_id`)
) ENGINE=InnoDB DEFAULT CHARSET=latin1 COLLATE=latin1_swedish_ci;


CREATE TABLE `inventory` (
  `in_id` int(222) NOT NULL AUTO_INCREMENT,
  `ma_id` int(11) NOT NULL,
  `date_created_at` datetime NOT NULL,
  `date_updated_at` datetime NOT NULL,
  PRIMARY KEY (`in_id`)
) ENGINE=InnoDB DEFAULT CHARSET=latin1 COLLATE=latin1_swedish_ci;


CREATE TABLE `menu` (
  `me_id` int(222) NOT NULL AUTO_INCREMENT,
  -- `ca_id` int(11) NOT NULL,
  `pr_id` int(11) NOT NULL,
  `ma_id` int(11) NOT NULL,
  `stock` int(11) NOT NULL,
  `date_created_at` datetime NOT NULL,
  `date_updated_at` datetime NOT NULL,
  PRIMARY KEY (`me_id`)
) ENGINE=InnoDB DEFAULT CHARSET=latin1 COLLATE=latin1_swedish_ci;


CREATE TABLE `history` (
  `ar_id` int(222) NOT NULL AUTO_INCREMENT,
  `material_name` varchar(222) NOT NULL,
  `type` varchar(222) NOT NULL,
  `stock` int(222) NOT NULL,
  `enter_stock` int(222) NOT NULL,
  `unit` varchar(222) NOT NULL,
  `remarks` varchar(222) NOT NULL,
  `date_created_at` datetime NOT NULL,
  `date_updated_at` datetime NOT NULL,
  PRIMARY KEY (`ar_id`)
) ENGINE=InnoDB DEFAULT CHARSET=latin1 COLLATE=latin1_swedish_ci;



CREATE TABLE `sale` (
  `sa_id` int(222)  NOT NULL AUTO_INCREMENT,
  `pr_id` int(222) NOT NULL,
  `sales_code` varchar(222) NOT NULL,
  `item_code` varchar(222) NOT NULL,
  `sell_price` decimal(10,2) DEFAULT NULL,
  `quantity` int(222) NOT NULL,
  `total` int(222) NOT NULL,
  `full_name` varchar(222) NOT NULL,
  `id_number` varchar(222) NOT NULL,
  `address` varchar(222) NOT NULL,
  `mytotal` varchar(222) NOT NULL,
  `mydiscount` varchar(222) NOT NULL,
  `mytendered` varchar(222) NOT NULL,
  `myoverall` varchar(222) NOT NULL,
  `status` varchar(222) NOT NULL,
  `created_by` int(222) NOT NULL,
  `updated_by` int(222) NOT NULL,
  `date_created_at` datetime NOT NULL,
  `date_updated_at` datetime NOT NULL,
  PRIMARY KEY (`sa_id`)
) ENGINE=InnoDB DEFAULT CHARSET=latin1 COLLATE=latin1_swedish_ci;



CREATE TABLE `supplier_material` (
  `sm_id` int(222) NOT NULL AUTO_INCREMENT,
  `material_name` varchar(222) NOT NULL,
  `type` varchar(222) NOT NULL,
  `stock` int(222) NOT NULL,
  `enter_stock` int(222) NOT NULL,
  `selling_price` decimal(10,2) DEFAULT NULL,
  `unit` varchar(222) NOT NULL,
  `remarks` varchar(222) NOT NULL,
  `comment` varchar(222) NOT NULL,
  `image` varchar(222) NOT NULL,
  `user_id` int(222) NOT NULL,
  `date_created_at` datetime NOT NULL,
  `date_updated_at` datetime NOT NULL,
  PRIMARY KEY (`sm_id`)
) ENGINE=InnoDB DEFAULT CHARSET=latin1 COLLATE=latin1_swedish_ci;

CREATE TABLE `supplier_history` (
  `sh_id` int(222) NOT NULL AUTO_INCREMENT,
  `sm_id` int(222) NOT NULL,
  `material_name` varchar(222) NOT NULL,
  `type` varchar(222) NOT NULL,
  `stock` int(222) NOT NULL,
  `enter_stock` int(222) NOT NULL,
  `selling_price` decimal(10,2) DEFAULT NULL,
  `unit` varchar(222) NOT NULL,
  `remarks` varchar(222) NOT NULL,
  `comment` varchar(222) NOT NULL,
  `image` varchar(222) NOT NULL,
  `user_id` int(222) NOT NULL,
  `date_created_at` datetime NOT NULL,
  `date_updated_at` datetime NOT NULL,
  PRIMARY KEY (`sh_id`)
) ENGINE=InnoDB DEFAULT CHARSET=latin1 COLLATE=latin1_swedish_ci;




CREATE TABLE `cart` (
  `ct_id` int(222) NOT NULL AUTO_INCREMENT PRIMARY KEY,
  `sm_id` int(222) NOT NULL,
  `sell_price` decimal(10,2) DEFAULT NULL,
  `quantity` int(222) NOT NULL,
  `total` int(222) NOT NULL,
  `user_id` int(222) NOT NULL,
  `date_created_at` datetime NOT NULL,
  `date_updated_at` datetime NOT NULL
) ENGINE=InnoDB DEFAULT CHARSET=latin1 COLLATE=latin1_swedish_ci;



CREATE TABLE `order` (
  `or_id` int(222) NOT NULL AUTO_INCREMENT PRIMARY KEY,
  `order_code` varchar(255) NOT NULL,
  `user_id` int(222) NOT NULL,
  `sm_id` int(255) NOT NULL,
  `quantity` int(222) NOT NULL,
  `sell_price` int(222) NOT NULL,
  `total` int(11) NOT NULL,
  `cash` int(11) NOT NULL,
  `change` int(11) NOT NULL,
  `shipment_date_at` datetime NOT NULL,
  `day_arrival` varchar(255) NOT NULL,
  `time_arrival` varchar(255) NOT NULL,
  `status` varchar(222) DEFAULT NULL,
  `date_created_at` datetime NOT NULL
) ENGINE=InnoDB DEFAULT CHARSET=latin1 COLLATE=latin1_swedish_ci;

CREATE TABLE `order_history` (
  `oh_id` int(222) NOT NULL AUTO_INCREMENT PRIMARY KEY,
  `or_id` int(255) NOT NULL,
  `order_code` varchar(255) NOT NULL,
  `user_id` int(222) NOT NULL,
  `sm_id` int(255) NOT NULL,
  `quantity` int(222) NOT NULL,
  `sell_price` int(222) NOT NULL,
  `total` int(11) NOT NULL,
  `cash` int(11) NOT NULL,
  `change` int(11) NOT NULL,
  `shipment_date_at` datetime NOT NULL,
  `day_arrival` varchar(255) NOT NULL,
  `time_arrival` varchar(255) NOT NULL,
  `status` varchar(222) DEFAULT NULL,
  `notification` varchar(222) NOT NULL,
  `date_created_at` datetime NOT NULL
) ENGINE=InnoDB DEFAULT CHARSET=latin1 COLLATE=latin1_swedish_ci;



CREATE TABLE `notification` (
  `nt_id` int(222) NOT NULL AUTO_INCREMENT PRIMARY KEY,
  `pr_id` int(222) NOT NULL,
  `status` varchar(222) NOT NULL,
  `created_by` int(222) NOT NULL,
  `updated_by` int(222) NOT NULL,
  `date_created_at` datetime NOT NULL,
  `date_updated_at` datetime NOT NULL
) ENGINE=InnoDB DEFAULT CHARSET=latin1 COLLATE=latin1_swedish_ci;

CREATE TABLE `messages` (
  `id` int NOT NULL,
  `sender_id` int NOT NULL,
  `receiver_id` int NOT NULL,
  `message` text NOT NULL,
  `timestamp` timestamp NULL DEFAULT CURRENT_TIMESTAMP,
  `status` tinyint(1) DEFAULT '0'
) ENGINE=InnoDB DEFAULT CHARSET=latin1 COLLATE=latin1_swedish_ci;

INSERT INTO `users` (`user_id`,  `username`, `firstname`, `lastname`, `email`, `phone`, `address`, `age`, `birthday`, `start_date`, `password`, `role`, `about`,`store`, `image`, `signature`, `session_attempt`, `code`, `time`, `status`, `date_created_at`, `date_updated_at`) VALUES
(1,'202400001', 'Admin', 'Admin', 'admin@gmail.com', '+639123456789', '9581 Narra Street', '30', '1995-12-23', '2024-05-05', 'e64b78fc3bc91bcbc7dc232ba8ec59e0', 'Admin', 'text here', '', '', '', 1, '', '', 'ACTIVE', '2024-10-10 15:47:26', '2024-10-10 15:47:26'),
(2,'202400002', 'Cashier', 'Cashier', 'cashier@gmail.com', '+639876543210', '4212 Pulo Street', '30', '1994-03-16', '2024-05-05', '5725dbcc7254ee8422d1cb60db29625c', 'Cashier', 'text here', '', '', '', 1, '0', '', 'ACTIVE', '2024-10-10 15:47:26', '2024-10-10 15:47:26'),
(3,'202400003', 'Employee', 'Employee', 'employee@gmail.com', '+63924681012', '5245 Narra Street', '22', '2004-04-12', '2024-05-05', '5725dbcc7254ee8422d1cb60db29625c', 'Employee', 'text here', '', '', '', 1, '0', '', 'ACTIVE', '2024-10-10 15:47:26', '2024-10-10 15:47:26'),
(4,'202400004', 'Supplier1', 'Supplier1', 'supplier1@gmail.com', '+639123456789', 'Supplier', '23', '2001-06-03', '2024-05-05', '5725dbcc7254ee8422d1cb60db29625c', 'Supplier', 'text here', 'Ninang\'s Store', '', '', 1, '', '', 'ACTIVE', '2024-10-10 15:47:26', '2024-10-10 15:47:26'),
(5,'202400005', 'Supplier2', 'Supplier2', 'supplier2@gmail.com', '+639123456789', 'Supplier', '23', '2001-06-03', '2024-05-05', '5725dbcc7254ee8422d1cb60db29625c', 'Supplier', 'text here', 'Bobba Store', '', '', 1, '', '', 'ACTIVE', '2024-10-10 15:47:26', '2024-10-10 15:47:26'),
(6,'202400006', 'Supplier3', 'Supplier3', 'supplier3@gmail.com', '+639123456789', 'Supplier', '23', '2001-06-03', '2024-05-05', '5725dbcc7254ee8422d1cb60db29625c', 'Supplier', 'text here', 'Tatay Store', '', '', 1, '', '', 'ACTIVE', '2024-10-10 15:47:26', '2024-10-10 15:47:26'),
(7,'202400007', 'Supplier4', 'Supplier4', 'supplier4@gmail.com', '+639123456789', 'Supplier', '23', '2001-06-03', '2024-05-05', '5725dbcc7254ee8422d1cb60db29625c', 'Supplier', 'text here', 'Ninong\' Store', '', '', 1, '', '', 'ACTIVE', '2024-10-10 15:47:26', '2024-10-10 15:47:26'),
(8,'202400008', 'Supplier5', 'Supplier5', 'supplier5@gmail.com', '+639123456789', 'Supplier', '23', '2001-06-03', '2024-05-05', '5725dbcc7254ee8422d1cb60db29625c', 'Supplier', 'text here', 'Aling Nena Store', '', '', 1, '', '', 'ACTIVE', '2024-10-10 15:47:26', '2024-10-10 15:47:26'),
(9,'202400009', 'Supplier6', 'Supplier6', 'supplier6@gmail.com', '+639123456789', 'Supplier', '23', '2001-06-03', '2024-05-05', '5725dbcc7254ee8422d1cb60db29625c', 'Supplier', 'text here', 'manong June\'s Store', '', '', 1, '', '', 'ACTIVE', '2024-10-10 15:47:26', '2024-10-10 15:47:26'),
(10,'202400010', 'Supplier7', 'Supplier7', 'supplier7@gmail.com', '+639123456789', 'Supplier', '23', '2001-06-03', '2024-05-05', '5725dbcc7254ee8422d1cb60db29625c', 'Supplier', 'text here', 'Sweet N Cup', '', '', 1, '', '', 'ACTIVE', '2024-10-10 15:47:26', '2024-10-10 15:47:26');
  















INSERT INTO `category` ( `category_name`, `date_created_at`, `date_updated_at`) VALUES
('MILKTEA (CLASSIC)', '2024-11-09 00:00:02', '2024-11-09 00:00:00'),
('MILKTEA (PREMIUM)', '2024-11-09 00:00:02', '2024-11-09 00:00:00'),
('MILKTEA (DELUXE)', '2024-11-09 00:00:02', '2024-11-09 00:00:00'),
('MILKTEA (CHEESECAKE)', '2024-11-09 00:00:02', '2024-11-09 00:00:00'),
('FRAPPE', '2024-11-09 00:00:10', '2024-11-09 00:00:00'),
('ICE CRAMBLE', '2024-11-09 00:00:12', '2024-11-09 00:00:00'),
('MILKSHAKE', '2024-11-09 00:00:14', '2024-11-09 00:00:00'),
('UNLIMITED CHICKEN WINGS', '2024-11-09 00:00:16', '2024-11-09 00:00:00'),
('PASTA', '2024-11-09 00:00:18', '2024-11-16 21:43:36'),
('CHICKEN', '2024-11-09 00:00:20', '2024-11-16 21:43:36'),
('SNACKS', '2024-11-09 00:00:22', '2024-11-16 21:43:36'),
('FRAPPE', '2024-11-09 00:00:24', '2024-11-16 21:43:36'),
('MILK TEA', '2024-11-09 00:00:26', '2024-11-16 21:43:36');

INSERT INTO `history` (`material_name`, `type`, `stock`, `enter_stock`, `unit`, `remarks`, `date_created_at`, `date_updated_at`) VALUES
('SUGAR SYRUP', '1', 500, 0, '1', 'AVAILABLE', '0000-00-00 00:00:00', '2024-11-16 21:03:57'),
('SUGAR SYRUP', '1', 500, 0, '1', 'AVAILABLE', '0000-00-00 00:00:00', '2024-11-16 21:03:58');


INSERT INTO `loginhistory` (`user_id`, `date_created_at`) VALUES
(1, '2024-11-15 03:28:31'),
(1, '2024-11-15 08:21:17'),
(2, '2024-11-15 08:31:26'),
(2, '2024-11-16 18:56:29'),
(3, '2024-11-16 18:56:58'),
(4, '2024-11-16 18:57:36'),
(1, '2024-11-16 19:04:02'),
(1, '2024-11-16 19:04:41'),
(1, '2024-11-16 20:21:44'),
( 1, '2024-11-16 21:32:09'),
( 2, '2024-11-16 21:37:04'),
( 1, '2024-11-17 00:43:18'),
( 1, '2024-11-17 13:11:05'),
( 1, '2024-11-17 13:11:44'),
( 1, '2024-11-17 13:43:41'),
( 1, '2024-11-17 13:44:07'),
( 4, '2024-11-17 13:46:06'),
( 1, '2024-11-17 13:48:23'),
( 1, '2024-11-17 13:48:25'),
( 1, '2024-11-17 13:48:27'),
( 1, '2024-11-17 16:27:44'),
( 4, '2024-11-17 16:34:50'),
( 1, '2024-11-17 16:36:04'),
( 1, '2024-11-17 16:37:55');

INSERT INTO `material` (`material_name`, `type`, `stock`, `enter_stock`, `unit`, `remarks`, `comment`, `image`, `date_created_at`, `date_updated_at`) VALUES
('SUGAR SYRUP', '1', 500, 0, '1', 'AVAILABLE', '', '', '2024-11-09 00:00:00', '2024-11-16 21:03:58'),
('BROWN SUGAR', 'RAW', 300, 0, 'G', 'AVAILABLE', '', '', '2024-11-09 00:00:00', '0000-00-00 00:00:00'),
('OREO POWDER', 'RAW', 150, 0, 'G', 'AVAILABLE', '', '', '2024-11-09 00:00:00', '0000-00-00 00:00:00'),
('ICE SCRAMBLE POWDER', 'RAW', 120, 0, 'G', 'AVAILABLE', '', '', '2024-11-09 00:00:00', '0000-00-00 00:00:00'),
('ICE SCRAMBLE MILK', 'RAW', 800, 0, 'ML', 'AVAILABLE', '', '', '2024-11-09 00:00:00', '0000-00-00 00:00:00'),
('CHOCO SAUCE', 'RAW', 250, 0, 'ML', 'AVAILABLE', '', '', '2024-11-09 00:00:00', '0000-00-00 00:00:00'),
('MANGO POWDER', 'RAW', 100, 0, 'G', 'AVAILABLE', '', '', '2024-11-09 00:00:00', '0000-00-00 00:00:00'),
('AVOCADO POWDER', 'RAW', 75, 0, 'G', 'AVAILABLE', '', '', '2024-11-09 00:00:00', '0000-00-00 00:00:00'),
('CRUSHED GRAHAM', 'RAW', 200, 0, 'G', 'AVAILABLE', '', '', '2024-11-09 00:00:00', '0000-00-00 00:00:00'),
('WHIP CREAM', 'RAW', 300, 0, 'ML', 'AVAILABLE', '', '', '2024-11-09 00:00:00', '0000-00-00 00:00:00'),
('HONEY SRIRACHA', 'RAW', 100, 0, 'ML', 'AVAILABLE', '', '', '2024-11-09 00:00:00', '0000-00-00 00:00:00'),
('SWEET CHILI', 'RAW', 120, 0, 'ML', 'AVAILABLE', '', '', '2024-11-09 00:00:00', '0000-00-00 00:00:00'),
('MANGO HABANERO', 'RAW', 50, 0, 'ML', 'AVAILABLE', '', '', '2024-11-09 00:00:00', '0000-00-00 00:00:00'),
('TERIYAKI', 'RAW', 300, 0, 'ML', 'AVAILABLE', '', '', '2024-11-09 00:00:00', '0000-00-00 00:00:00'),
('SOY GARLIC', 'RAW', 150, 0, 'ML', 'AVAILABLE', '', '', '2024-11-09 00:00:00', '0000-00-00 00:00:00'),
('BBQ SAUCE', 'RAW', 250, 0, 'ML', 'AVAILABLE', '', '', '2024-11-09 00:00:00', '0000-00-00 00:00:00'),
('SALTED EGG', 'RAW', 500, 0, 'G', 'AVAILABLE', '', '', '2024-11-09 00:00:00', '0000-00-00 00:00:00'),
('GARLIC PARMESAN', 'RAW', 400, 0, 'G', 'AVAILABLE', '', '', '2024-11-09 00:00:00', '0000-00-00 00:00:00'),
('BBQ POWDER', 'RAW', 100, 0, 'G', 'AVAILABLE', '', '', '2024-11-09 00:00:00', '0000-00-00 00:00:00'),
('CHEESE POWDER', 'RAW', 350, 0, 'G', 'AVAILABLE', '', '', '2024-11-09 00:00:00', '0000-00-00 00:00:00'),
('SOUR CREAM POWDER', 'RAW', 90, 0, 'G', 'AVAILABLE', '', '', '2024-11-09 00:00:00', '0000-00-00 00:00:00'),
('OKINAWA POWDER', 'RAW', 120, 0, 'G', 'AVAILABLE', '', '', '2024-11-09 00:00:00', '0000-00-00 00:00:00'),
('MATCHA POWDER', 'RAW', 200, 0, 'G', 'AVAILABLE', '', '', '2024-11-09 00:00:00', '0000-00-00 00:00:00'),
('BANANA POWDER', 'RAW', 150, 0, 'G', 'AVAILABLE', '', '', '2024-11-09 00:00:00', '0000-00-00 00:00:00'),
('STRAWBERRY POWDER', 'RAW', 180, 0, 'G', 'AVAILABLE', '', '', '2024-11-09 00:00:00', '0000-00-00 00:00:00'),
('SIGNATURE CHOCOLATE POWDER', 'RAW', 600, 0, 'G', 'AVAILABLE', '', '', '2024-11-09 00:00:00', '0000-00-00 00:00:00'),
('COOKIES & CREAM POWDER', 'RAW', 100, 0, 'G', 'AVAILABLE', '', '', '2024-11-09 00:00:00', '0000-00-00 00:00:00'),
('WINTERMELON POWDER', 'RAW', 300, 0, 'G', 'AVAILABLE', '', '', '2024-11-09 00:00:00', '0000-00-00 00:00:00'),
('VANILLA', 'RAW', 200, 0, 'ML', 'AVAILABLE', '', '', '2024-11-09 00:00:00', '0000-00-00 00:00:00'),
('CARAMEL', 'RAW', 250, 0, 'ML', 'AVAILABLE', '', '', '2024-11-09 00:00:00', '0000-00-00 00:00:00'),
('HAZELNUT', 'RAW', 400, 0, 'ML', 'AVAILABLE', '', '', '2024-11-09 00:00:00', '0000-00-00 00:00:00'),
('CARAMEL SAUCE', 'RAW', 180, 0, 'ML', 'AVAILABLE', '', '', '2024-11-09 00:00:00', '0000-00-00 00:00:00'),
('DARK CHOCOLATE SAUCE', 'RAW', 220, 0, 'ML', 'AVAILABLE', '', '', '2024-11-09 00:00:00', '0000-00-00 00:00:00'),
('STRAWBERRY SAUCE', 'RAW', 200, 0, 'ML', 'AVAILABLE', '', '', '2024-11-09 00:00:00', '0000-00-00 00:00:00'),
('CHICKEN WINGS', 'RAW', 50, 0, 'PCS', 'AVAILABLE', '', '', '2024-11-09 00:00:00', '0000-00-00 00:00:00'),
('FRESH MILK', 'RAW', 2000, 0, 'ML', 'AVAILABLE', '', '', '2024-11-09 00:00:00', '0000-00-00 00:00:00'),
('CONDENSED MILK', 'RAW', 800, 0, 'ML', 'AVAILABLE', '', '', '2024-11-09 00:00:00', '0000-00-00 00:00:00'),
('COFFEE BEAN', 'RAW', 100, 0, 'G', 'AVAILABLE', '', '', '2024-11-09 00:00:00', '0000-00-00 00:00:00'),
('FRIES', 'RAW', 3000, 0, 'G', 'AVAILABLE', '', '', '2024-11-09 00:00:00', '0000-00-00 00:00:00'),
('HASH BROWN', 'RAW', 100, 0, 'PCS', 'AVAILABLE', '', '', '2024-11-09 00:00:00', '0000-00-00 00:00:00'),
('NACHOS', 'RAW', 500, 0, 'G', 'AVAILABLE', '', '', '2024-11-09 00:00:00', '0000-00-00 00:00:00'),
('BACON', 'RAW', 200, 0, 'G', 'AVAILABLE', '', '', '2024-11-09 00:00:00', '0000-00-00 00:00:00'),
('PIZZA DOUGH', 'RAW', 50, 0, 'PCS', 'AVAILABLE', '', '', '2024-11-09 00:00:00', '0000-00-00 00:00:00'),
('HAM', 'RAW', 150, 0, 'G', 'AVAILABLE', '', '', '2024-11-09 00:00:00', '0000-00-00 00:00:00'),
('PIZZA SAUCE', 'RAW', 500, 0, 'ML', 'AVAILABLE', '', '', '2024-11-09 00:00:00', '0000-00-00 00:00:00'),
('CHIZ BOY/MOZZARELLA', 'RAW', 200, 0, 'G', 'AVAILABLE', '', '', '2024-11-09 00:00:00', '0000-00-00 00:00:00'),
('PINEAPPLE', 'RAW', 300, 0, 'G', 'AVAILABLE', '', '', '2024-11-09 00:00:00', '0000-00-00 00:00:00'),
('PEARL', 'RAW', 1000, 0, 'G', 'AVAILABLE', '', '', '2024-11-09 00:00:00', '0000-00-00 00:00:00'),
('PATTY', 'RAW', 50, 0, 'PCS', 'AVAILABLE', '', '', '2024-11-09 00:00:00', '0000-00-00 00:00:00'),
('BUNS', 'RAW', 50, 0, 'PCS', 'AVAILABLE', '', '', '2024-11-09 00:00:00', '0000-00-00 00:00:00'),
('SLICED CHEESE', 'RAW', 200, 0, 'G', 'AVAILABLE', '', '', '2024-11-09 00:00:00', '0000-00-00 00:00:00'),
('SPECIAL SAUCE', 'RAW', 300, 0, 'ML', 'AVAILABLE', '', '', '2024-11-09 00:00:00', '0000-00-00 00:00:00'),
('FLAT LIDS', 'DISPOSABLE', 500, 0, 'PCS', 'AVAILABLE', '', '', '2024-11-09 00:00:00', '0000-00-00 00:00:00'),
('DOME LIDS', 'DISPOSABLE', 500, 0, 'PCS', 'AVAILABLE', '', '', '2024-11-09 00:00:00', '0000-00-00 00:00:00'),
('STRAW (MILKTEA)', 'DISPOSABLE', 1000, 0, 'PCS', 'AVAILABLE', '', '', '2024-11-09 00:00:00', '0000-00-00 00:00:00'),
('STRAW (COFFEE)', 'DISPOSABLE', 1000, 0, 'PCS', 'AVAILABLE', '', '', '2024-11-09 00:00:00', '0000-00-00 00:00:00'),
('TISSUE', 'DISPOSABLE', 200, 0, 'PCS', 'AVAILABLE', '', '', '2024-11-09 00:00:00', '0000-00-00 00:00:00'),
('GLOVES', 'DISPOSABLE', 200, 0, 'PCS', 'AVAILABLE', '', '', '2024-11-09 00:00:00', '0000-00-00 00:00:00'),
('CUPS', 'DISPOSABLE', 500, 0, 'PCS', 'AVAILABLE', '', '', '2024-11-09 00:00:00', '0000-00-00 00:00:00'),
('RICE MEAL BOX', 'DISPOSABLE', 100, 0, 'PCS', 'AVAILABLE', '', '', '2024-11-09 00:00:00', '0000-00-00 00:00:00'),
('BILAO', 'DISPOSABLE', 50, 0, 'PCS', 'AVAILABLE', '', '', '2024-11-09 00:00:00', '0000-00-00 00:00:00');

INSERT INTO `product` (`ca_id`, `product_name`, `category`, `material_cost`, `selling_price`, `image`, `date_created_at`, `date_updated_at`) VALUES
(0, 'BLACK PEARL M', 'MILKTEA (CLASSIC)', NULL, 39.00, '', '2024-11-09 00:00:00', '0000-00-00 00:00:00'),
(0, 'YEOCHA BUBBLE TEA M', 'MILKTEA (CLASSIC)', NULL, 49.00, '', '2024-11-09 00:00:00', '0000-00-00 00:00:00'),
(0, 'WINTERMELON M', 'MILKTEA (PREMIUM)', NULL, 75.00, '', '2024-11-09 00:00:00', '0000-00-00 00:00:00'),
(0, 'COOKIES & CREAM M', 'MILKTEA (PREMIUM)', NULL, 75.00, '', '2024-11-09 00:00:00', '0000-00-00 00:00:00'),
(0, 'SIGNATURE CHOCO M', 'MILKTEA (PREMIUM)', NULL, 75.00, '', '2024-11-09 00:00:00', '0000-00-00 00:00:00'),
(0, 'MATCHA M', 'MILKTEA (PREMIUM)', NULL, 75.00, '', '2024-11-09 00:00:00', '0000-00-00 00:00:00'),
(0, 'OKINAWA M', 'MILKTEA (PREMIUM)', NULL, 75.00, '', '2024-11-09 00:00:00', '0000-00-00 00:00:00'),
(0, 'BANANA MILK M', 'MILKTEA (PREMIUM)', NULL, 75.00, '', '2024-11-09 00:00:00', '0000-00-00 00:00:00'),
(0, 'CHOCO HAZELNUT M', 'MILKTEA (DELUXE)', NULL, 85.00, '', '2024-11-09 00:00:00', '0000-00-00 00:00:00'),
(0, 'OREO MATCHA M', 'MILKTEA (DELUXE)', NULL, 85.00, '', '2024-11-09 00:00:00', '0000-00-00 00:00:00'),
(0, 'OREO OKINAWA M', 'MILKTEA (DELUXE)', NULL, 85.00, '', '2024-11-09 00:00:00', '0000-00-00 00:00:00'),
(0, 'OREO CHOCO M', 'MILKTEA (DELUXE)', NULL, 85.00, '', '2024-11-09 00:00:00', '0000-00-00 00:00:00'),
(0, 'BANANA OREO M', 'MILKTEA (DELUXE)', NULL, 85.00, '', '2024-11-09 00:00:00', '0000-00-00 00:00:00'),
(0, 'BANANA NUTELLA M', 'MILKTEA (DELUXE)', NULL, 85.00, '', '2024-11-09 00:00:00', '0000-00-00 00:00:00'),
(0, 'STRAWBERRY NUTELLA M', 'MILKTEA (DELUXE)', NULL, 85.00, '', '2024-11-09 00:00:00', '0000-00-00 00:00:00'),
(0, 'STRAWBERRY OREO M', 'MILKTEA (DELUXE)', NULL, 85.00, '', '2024-11-09 00:00:00', '0000-00-00 00:00:00'),
(0, 'LAVAH CHEESECAKE M', 'MILKTEA (CHEESECAKE)', NULL, 99.00, '', '2024-11-09 00:00:00', '0000-00-00 00:00:00'),
(0, 'DIRTY LAVAH CC M', 'MILKTEA (CHEESECAKE)', NULL, 119.00, '', '2024-11-09 00:00:00', '0000-00-00 00:00:00'),
(0, 'BLACK PEARL L', 'MILKTEA (CLASSIC)', NULL, 49.00, '', '2024-11-09 00:00:00', '0000-00-00 00:00:00'),
(0, 'YEOCHA BUBBLE TEA L', 'MILKTEA (CLASSIC)', NULL, 59.00, '', '2024-11-09 00:00:00', '0000-00-00 00:00:00'),
(0, 'WINTERMELON L', 'MILKTEA (PREMIUM)', NULL, 85.00, '', '2024-11-09 00:00:00', '0000-00-00 00:00:00'),
(0, 'COOKIES & CREAM L', 'MILKTEA (PREMIUM)', NULL, 85.00, '', '2024-11-09 00:00:00', '0000-00-00 00:00:00'),
(0, 'SIGNATURE CHOCO L', 'MILKTEA (PREMIUM)', NULL, 85.00, '', '2024-11-09 00:00:00', '0000-00-00 00:00:00'),
(0, 'MATCHA L', 'MILKTEA (PREMIUM)', NULL, 85.00, '', '2024-11-09 00:00:00', '0000-00-00 00:00:00'),
(0, 'OKINAWA L', 'MILKTEA (PREMIUM)', NULL, 85.00, '', '2024-11-09 00:00:00', '0000-00-00 00:00:00'),
(0, 'BANANA MILK L', 'MILKTEA (PREMIUM)', NULL, 85.00, '', '2024-11-09 00:00:00', '0000-00-00 00:00:00'),
(0, 'CHOCO HAZELNUT L', 'MILKTEA (DELUXE)', NULL, 95.00, '', '2024-11-09 00:00:00', '0000-00-00 00:00:00'),
(0, 'OREO MATCHA L', 'MILKTEA (DELUXE)', NULL, 95.00, '', '2024-11-09 00:00:00', '0000-00-00 00:00:00'),
(0, 'OREO OKINAWA L', 'MILKTEA (DELUXE)', NULL, 95.00, '', '2024-11-09 00:00:00', '0000-00-00 00:00:00'),
(0, 'OREO CHOCO L', 'MILKTEA (DELUXE)', NULL, 95.00, '', '2024-11-09 00:00:00', '0000-00-00 00:00:00'),
(0, 'BANANA OREO L', 'MILKTEA (DELUXE)', NULL, 95.00, '', '2024-11-09 00:00:00', '0000-00-00 00:00:00'),
(0, 'BANANA NUTELLA L', 'MILKTEA (DELUXE)', NULL, 95.00, '', '2024-11-09 00:00:00', '0000-00-00 00:00:00'),
(0, 'STRAWBERRY NUTELLA L', 'MILKTEA (DELUXE)', NULL, 95.00, '', '2024-11-09 00:00:00', '0000-00-00 00:00:00'),
(0, 'STRAWBERRY OREO L', 'MILKTEA (DELUXE)', NULL, 95.00, '', '2024-11-09 00:00:00', '0000-00-00 00:00:00'),
(0, 'LAVAH CHEESECAKE L', 'MILKTEA (CHEESECAKE)', NULL, 119.00, '', '2024-11-09 00:00:00', '0000-00-00 00:00:00'),
(0, 'DIRTY LAVAH CC L', 'MILKTEA (CHEESECAKE)', NULL, 129.00, '', '2024-11-09 00:00:00', '0000-00-00 00:00:00'),
(0, 'OREO COOKIES & CREAM M', 'FRAPPE', NULL, 139.00, '', '2024-11-09 00:00:00', '0000-00-00 00:00:00'),
(0, 'STRAWBERRY CREAM M', 'FRAPPE', NULL, 139.00, '', '2024-11-09 00:00:00', '0000-00-00 00:00:00'),
(0, 'BANANA CREAM M', 'FRAPPE', NULL, 139.00, '', '2024-11-09 00:00:00', '0000-00-00 00:00:00'),
(0, 'MATCHA CREAM M', 'FRAPPE', NULL, 139.00, '', '2024-11-09 00:00:00', '0000-00-00 00:00:00'),
(0, 'CHOCOLATE CHIPS M', 'FRAPPE', NULL, 139.00, '', '2024-11-09 00:00:00', '0000-00-00 00:00:00'),
(0, 'DARK MOCHA CREAM M', 'FRAPPE', NULL, 139.00, '', '2024-11-09 00:00:00', '0000-00-00 00:00:00'),
(0, 'OREO COOKIES & CREAM L', 'FRAPPE', NULL, 139.00, '', '2024-11-09 00:00:00', '0000-00-00 00:00:00'),
(0, 'STRAWBERRY CREAM L', 'FRAPPE', NULL, 139.00, '', '2024-11-09 00:00:00', '0000-00-00 00:00:00'),
(0, 'BANANA CREAM L', 'FRAPPE', NULL, 139.00, '', '2024-11-09 00:00:00', '0000-00-00 00:00:00'),
(0, 'MATCHA CREAM L', 'FRAPPE', NULL, 139.00, '', '2024-11-09 00:00:00', '0000-00-00 00:00:00'),
(0, 'CHOCOLATE CHIPS L', 'FRAPPE', NULL, 139.00, '', '2024-11-09 00:00:00', '0000-00-00 00:00:00'),
(0, 'DARK MOCHA CREAM L', 'FRAPPE', NULL, 139.00, '', '2024-11-09 00:00:00', '0000-00-00 00:00:00'),
(0, 'MANGO PLAIN M', 'MILK SHAKE', NULL, 65.00, '', '2024-11-09 00:00:00', '0000-00-00 00:00:00'),
(0, 'MANGO GRAHAM M', 'MILK SHAKE', NULL, 75.00, '', '2024-11-09 00:00:00', '0000-00-00 00:00:00'),
(0, 'MANGO OREO M', 'MILK SHAKE', NULL, 85.00, '', '2024-11-09 00:00:00', '0000-00-00 00:00:00'),
(0, 'MANGO SUPREME M', 'MILK SHAKE', NULL, 95.00, '', '2024-11-09 00:00:00', '0000-00-00 00:00:00'),
(0, 'AVOCADO PLAIN M', 'MILK SHAKE', NULL, 65.00, '', '2024-11-09 00:00:00', '0000-00-00 00:00:00'),
(0, 'AVOCADO GRAHAM M', 'MILK SHAKE', NULL, 75.00, '', '2024-11-09 00:00:00', '0000-00-00 00:00:00'),
(0, 'AVOCADO OREO M', 'MILK SHAKE', NULL, 85.00, '', '2024-11-09 00:00:00', '0000-00-00 00:00:00'),
(0, 'AVOCADO SUPREME M', 'MILK SHAKE', NULL, 95.00, '', '2024-11-09 00:00:00', '0000-00-00 00:00:00'),
(0, 'MANGO PLAIN L', 'MILK SHAKE', NULL, 75.00, '', '2024-11-09 00:00:00', '0000-00-00 00:00:00'),
(0, 'MANGO GRAHAM L', 'MILK SHAKE', NULL, 85.00, '', '2024-11-09 00:00:00', '0000-00-00 00:00:00'),
(0, 'MANGO OREO L', 'MILK SHAKE', NULL, 95.00, '', '2024-11-09 00:00:00', '0000-00-00 00:00:00'),
(0, 'MANGO SUPREME L', 'MILK SHAKE', NULL, 105.00, '', '2024-11-09 00:00:00', '0000-00-00 00:00:00'),
(0, 'AVOCADO PLAIN L', 'MILK SHAKE', NULL, 75.00, '', '2024-11-09 00:00:00', '0000-00-00 00:00:00'),
(0, 'AVOCADO GRAHAM L', 'MILK SHAKE', NULL, 85.00, '', '2024-11-09 00:00:00', '0000-00-00 00:00:00'),
(0, 'AVOCADO OREO L', 'MILK SHAKE', NULL, 95.00, '', '2024-11-09 00:00:00', '0000-00-00 00:00:00'),
(0, 'AVOCADO SUPREME L', 'MILK SHAKE', NULL, 105.00, '', '2024-11-09 00:00:00', '0000-00-00 00:00:00'),
(0, '6 PCS CHICKEN WINGS + UNLI RICE', 'UNLIMITED CHICKEN WINGS', NULL, 199.00, '', '2024-11-09 00:00:00', '0000-00-00 00:00:00'),
(0, 'UNLI CHICKEN WINGS + UNLI RICE', 'UNLIMITED CHICKEN WINGS', NULL, 249.00, '', '2024-11-09 00:00:00', '0000-00-00 00:00:00'),
(0, 'UNLI CHICKEN WINGS + UNLI RICE + UNLI DRINKS', 'UNLIMITED CHICKEN WINGS', NULL, 269.00, '', '2024-11-09 00:00:00', '0000-00-00 00:00:00'),
(0, 'UNLI CHICKEN WINGS + UNLI RICE + UNLI DRINKS + UNLI FRIES', 'UNLIMITED CHICKEN WINGS', NULL, 299.00, '', '2024-11-09 00:00:00', '0000-00-00 00:00:00'),
(0, '6 PCS CHICKEN WINGS', 'ALA CARTE', NULL, 189.00, '', '2024-11-09 00:00:00', '0000-00-00 00:00:00'),
(0, '12 PCS CHICKEN WINGS', 'ALA CARTE', NULL, 379.00, '', '2024-11-09 00:00:00', '0000-00-00 00:00:00'),
(0, '20 PCS CHICKEN WINGS', 'BILAO', NULL, 599.00, '', '2024-11-09 00:00:00', '0000-00-00 00:00:00'),
(0, '24 PCS CHICKEN WINGS', 'BILAO', NULL, 719.00, '', '2024-11-09 00:00:00', '0000-00-00 00:00:00'),
(0, '40 PCS CHICKEN WINGS', 'BILAO', NULL, 1199.00, '', '2024-11-09 00:00:00', '0000-00-00 00:00:00'),
(0, '50 PCS CHICKEN WINGS', 'BILAO', NULL, 1499.00, '', '2024-11-09 00:00:00', '0000-00-00 00:00:00'),
(0, 'S1 FRIES (125g)', 'SNACKS', NULL, 75.00, '', '2024-11-09 00:00:00', '0000-00-00 00:00:00'),
(0, 'S2 BEEF NACHOS', 'SNACKS', NULL, 120.00, '', '2024-11-09 00:00:00', '0000-00-00 00:00:00'),
(0, 'S3 BACON CHEESE FRIES', 'SNACKS', NULL, 130.00, '', '2024-11-09 00:00:00', '0000-00-00 00:00:00'),
(0, 'S4 4PCS WINGS & FRIES', 'SNACKS', NULL, 179.00, '', '2024-11-09 00:00:00', '0000-00-00 00:00:00'),
(0, 'P1 HAM & CHEESE', 'PIZZA', NULL, 250.00, '', '2024-11-09 00:00:00', '0000-00-00 00:00:00'),
(0, 'P2 HAWAIIAN', 'PIZZA', NULL, 250.00, '', '2024-11-09 00:00:00', '0000-00-00 00:00:00'),
(0, 'P3 HAM & BACON', 'PIZZA', NULL, 290.00, '', '2024-11-09 00:00:00', '0000-00-00 00:00:00'),
(0, 'P4 CHEESE PIZZA', 'PIZZA', NULL, 290.00, '', '2024-11-09 00:00:00', '0000-00-00 00:00:00'),
(0, 'P5 SHAWARMA PIZZA', 'PIZZA', NULL, 290.00, '', '2024-11-09 00:00:00', '0000-00-00 00:00:00'),
(0, 'P6 OVERLOAD PIZZA', 'PIZZA', NULL, 320.00, '', '2024-11-09 00:00:00', '0000-00-00 00:00:00'),
(0, 'RM1 SHAWARMA RICE', 'RICE MEAL', NULL, 95.00, '', '2024-11-09 00:00:00', '0000-00-00 00:00:00'),
(0, 'RM2 4PCS WINGS AND RICE', 'RICE MEAL', NULL, 159.00, '', '2024-11-09 00:00:00', '0000-00-00 00:00:00'),
(0, 'B1 BUY 1 TAKE 1 BURGER', 'SANDWICH', NULL, 59.00, '', '2024-11-09 00:00:00', '0000-00-00 00:00:00');


INSERT INTO `sale` (`pr_id`, `sales_code`, `item_code`, `sell_price`, `quantity`, `total`, `full_name`, `id_number`, `address`, `mydiscount`, `status`, `created_by`, `updated_by`, `date_created_at`, `date_updated_at`) VALUES
(630, '2024V558', '', 69.00, 2, 138, '', '', '', '', '', 0, 0, '2024-04-24 00:00:00', '0000-00-00 00:00:00'),
(630, '2024V558', '', 69.00, 2, 138, '', '', '', '', '', 0, 0, '2023-07-16 00:00:00', '0000-00-00 00:00:00'),
(85, '2024G233', '', 95.00, 2, 95, '', '', '', '', '', 0, 0, '2024-09-17 00:00:00', '0000-00-00 00:00:00'),
(85, '2024Y917', '', 95.00, 1, 95, '', '', '', '', '', 0, 0, '2024-04-15 00:00:00', '0000-00-00 00:00:00'),
(80, '2024Y917', '', 250.00, 1, 250, '', '', '', '', '', 0, 0, '2024-08-17 00:00:00', '0000-00-00 00:00:00'),
(87, '2024P962', '', 59.00, 5, 59, '', '', '', '', '', 0, 0, '2024-07-16 00:00:00', '0000-00-00 00:00:00'),
(87, '2024D290', '', 59.00, 1, 59, '', '', '', '', '', 0, 0, '2024-08-11 00:00:00', '0000-00-00 00:00:00'),
(86, '2024D290', '', 159.00, 1, 159, '', '', '', '', '', 0, 0, '2024-03-04 00:00:00', '0000-00-00 00:00:00'),
(1, '2024E985', '', 39.00, 3, 117, '', '', '', '', '', 0, 0, '2023-11-16 00:00:00', '2024-11-27 02:51:42'),
( 2, '2024K177', '', 49.00, 2, 98, '', '', '', '', '', 0, 0, '0000-00-00 00:00:00', '2024-11-27 02:51:42'),
( 3, '2024F794', '', 75.00, 4, 300, '', '', '', '', '', 0, 0, '2024-03-09 00:00:00', '2024-11-27 02:51:42'),
( 4, '2024G893', '', 75.00, 1, 75, '', '', '', '', '', 0, 0, '2024-09-01 00:00:00', '2024-11-27 02:51:42'),
( 5, '2024R825', '', 75.00, 5, 375, '', '', '', '', '', 0, 0, '2024-05-14 00:00:00', '2024-11-27 02:51:42'),
( 6, '2024Y445', '', 75.00, 2, 150, '', '', '', '', '', 0, 0, '2024-05-23 00:00:00', '2024-11-27 02:51:42'),
( 7, '2024A136', '', 75.00, 3, 225, '', '', '', '', '', 0, 0, '2024-08-15 00:00:00', '2024-11-27 02:51:42'),
( 8, '2024C377', '', 75.00, 1, 75, '', '', '', '', '', 0, 0, '2024-11-27 00:00:00', '2024-11-27 02:51:42'),
( 9, '2024H547', '', 85.00, 6, 510, '', '', '', '', '', 0, 0, '2024-11-27 00:00:00', '2024-11-27 02:51:42'),
( 10, '2024Q699', '', 85.00, 3, 255, '', '', '', '', '', 0, 0, '2024-11-26 00:00:00', '2024-11-27 02:51:42'),
( 11, '2024L258', '', 85.00, 4, 340, '', '', '', '', '', 0, 0, '2024-01-08 00:00:00', '2024-11-27 02:51:42'),
( 12, '2024P426', '', 85.00, 2, 170, '', '', '', '', '', 0, 0, '2024-04-17 00:00:00', '2024-11-27 02:51:42'),
( 13, '2024C379', '', 85.00, 1, 85, '', '', '', '', '', 0, 0, '2023-11-12 00:00:00', '2024-11-27 02:51:42'),
( 14, '2024I673', '', 85.00, 7, 595, '', '', '', '', '', 0, 0, '2024-11-27 00:00:00', '2024-11-27 02:51:42'),
( 15, '2024G386', '', 85.00, 8, 680, '', '', '', '', '', 0, 0, '2024-10-13 00:00:00', '2024-11-27 02:51:42'),
( 16, '2024W374', '', 85.00, 5, 425, '', '', '', '', '', 0, 0, '2023-11-06 00:00:00', '2024-11-27 02:51:42'),
( 17, '2024Z945', '', 99.00, 6, 594, '', '', '', '', '', 0, 0, '2024-04-05 00:00:00', '2024-11-27 02:51:42'),
( 18, '2024U198', '', 119.00, 4, 476, '', '', '', '', '', 0, 0, '2024-01-11 00:00:00', '2024-11-27 02:51:42'),
( 19, '2024E664', '', 49.00, 3, 147, '', '', '', '', '', 0, 0, '2024-01-03 00:00:00', '2024-11-27 02:51:42'),
( 20, '2024O939', '', 59.00, 2, 118, '', '', '', '', '', 0, 0, '2024-09-30 00:00:00', '2024-11-27 02:51:42'),
( 21, '2024Z170', '', 85.00, 7, 595, '', '', '', '', '', 0, 0, '2024-08-02 00:00:00', '2024-11-27 02:51:42'),
( 22, '2024M187', '', 85.00, 4, 340, '', '', '', '', '', 0, 0, '2024-02-23 00:00:00', '2024-11-27 02:51:42'),
( 23, '2024C221', '', 85.00, 5, 425, '', '', '', '', '', 0, 0, '2023-11-15 00:00:00', '2024-11-27 02:51:42'),
( 24, '2024K725', '', 85.00, 6, 510, '', '', '', '', '', 0, 0, '2024-09-24 00:00:00', '2024-11-27 02:51:42'),
( 25, '2024F995', '', 85.00, 8, 680, '', '', '', '', '', 0, 0, '2024-06-03 00:00:00', '2024-11-27 02:51:42'),
( 26, '2024I690', '', 85.00, 3, 255, '', '', '', '', '', 0, 0, '2024-10-26 00:00:00', '2024-11-27 02:51:42'),
( 27, '2024H549', '', 95.00, 4, 380, '', '', '', '', '', 0, 0, '2024-02-12 00:00:00', '2024-11-27 02:51:42'),
( 28, '2024Q634', '', 95.00, 5, 475, '', '', '', '', '', 0, 0, '2024-10-31 00:00:00', '2024-11-27 02:51:42'),
( 29, '2024D816', '', 95.00, 6, 570, '', '', '', '', '', 0, 0, '2024-03-13 00:00:00', '2024-11-27 02:51:42'),
( 30, '2024Q791', '', 95.00, 2, 190, '', '', '', '', '', 0, 0, '2024-11-27 00:00:00', '2024-11-27 02:51:42'),
( 31, '2024Y485', '', 95.00, 5, 475, '', '', '', '', '', 0, 0, '2023-11-07 00:00:00', '2024-11-27 02:51:42'),
( 32, '2024H298', '', 95.00, 7, 665, '', '', '', '', '', 0, 0, '2023-11-30 00:00:00', '2024-11-27 02:51:42'),
( 33, '2024F397', '', 95.00, 3, 285, '', '', '', '', '', 0, 0, '2024-10-08 00:00:00', '2024-11-27 02:51:42'),
( 34, '2024B371', '', 95.00, 6, 570, '', '', '', '', '', 0, 0, '2024-04-28 00:00:00', '2024-11-27 02:51:42'),
( 35, '2024I783', '', 119.00, 2, 238, '', '', '', '', '', 0, 0, '2024-03-19 00:00:00', '2024-11-27 02:51:42'),
( 36, '2024U741', '', 129.00, 4, 516, '', '', '', '', '', 0, 0, '2024-02-08 00:00:00', '2024-11-27 02:51:42'),
( 37, '2024E744', '', 129.00, 3, 387, '', '', '', '', '', 0, 0, '2023-11-12 00:00:00', '2024-11-27 02:51:42'),
( 38, '2024B270', '', 129.00, 5, 645, '', '', '', '', '', 0, 0, '2023-11-14 00:00:00', '2024-11-27 02:51:42'),
( 39, '2024T244', '', 129.00, 7, 903, '', '', '', '', '', 0, 0, '2024-11-26 00:00:11', '2024-11-27 02:51:42'),
( 40, '2024O406', '', 129.00, 6, 774, '', '', '', '', '', 0, 0, '2024-10-28 00:00:00', '2024-11-27 02:51:42'),
( 41, '2024A128', '', 149.00, 3, 447, '', '', '', '', '', 0, 0, '2024-02-02 00:00:00', '2024-11-27 02:51:42'),
( 42, '2024D580', '', 149.00, 5, 745, '', '', '', '', '', 0, 0, '2024-09-08 00:00:00', '2024-11-27 02:51:42'),
( 43, '2024H872', '', 149.00, 6, 894, '', '', '', '', '', 0, 0, '2024-06-15 00:00:00', '2024-11-27 02:51:42'),
( 44, '2024K546', '', 149.00, 4, 596, '', '', '', '', '', 0, 0, '2023-03-19 00:00:00', '2024-11-27 02:51:42'),
( 45, '2024G740', '', 149.00, 8, 1192, '', '', '', '', '', 0, 0, '2024-08-12 00:00:00', '2024-11-27 02:51:42'),
( 46, '2024V150', '', 159.00, 3, 477, '', '', '', '', '', 0, 0, '2024-08-10 00:00:00', '2024-11-27 02:51:42'),
( 47, '2024T700', '', 159.00, 5, 795, '', '', '', '', '', 0, 0, '2024-04-17 00:00:00', '2024-11-27 02:51:42'),
( 48, '2024A259', '', 159.00, 6, 954, '', '', '', '', '', 0, 0, '2024-07-21 00:00:00', '2024-11-27 02:51:42'),
( 49, '2024U422', '', 159.00, 4, 636, '', '', '', '', '', 0, 0, '2023-11-13 00:00:00', '2024-11-27 02:51:42'),
( 50, '2024L296', '', 159.00, 2, 318, '', '', '', '', '', 0, 0, '2024-07-12 00:00:00', '2024-11-27 02:51:42'),
( 1, '2024V123', '', 1.00, 7, 2, '', '', '', '', '', 0, 0, '2024-04-24 00:00:00', '2024-11-27 02:51:56'),
( 2, '2024Z353', '', 2.00, 6, 14, '', '', '', '', '', 0, 0, '2024-03-06 00:00:00', '2024-11-27 02:51:56'),
( 3, '2024W390', '', 3.00, 1, 3, '', '', '', '', '', 0, 0, '2024-04-28 00:00:00', '2024-11-27 02:51:56'),
( 4, '2024F868', '', 4.00, 7, 36, '', '', '', '', '', 0, 0, '2024-03-08 00:00:00', '2024-11-27 02:51:56'),
( 5, '2024G766', '', 5.00, 10, 15, '', '', '', '', '', 0, 0, '2024-07-22 00:00:00', '2024-11-27 02:51:56'),
( 6, '2024U125', '', 6.00, 8, 54, '', '', '', '', '', 0, 0, '2023-07-17 00:00:00', '2024-11-27 02:51:56'),
( 7, '2024W839', '', 7.00, 5, 70, '', '', '', '', '', 0, 0, '2024-04-21 00:00:00', '2024-11-27 02:51:56'),
( 8, '2024M418', '', 8.00, 4, 72, '', '', '', '', '', 0, 0, '2024-06-30 00:00:00', '2024-11-27 02:51:56'),
( 9, '2024C870', '', 9.00, 1, 63, '', '', '', '', '', 0, 0, '2024-10-03 00:00:00', '2024-11-27 02:51:56'),
( 10, '2024F168', '', 10.00, 8, 40, '', '', '', '', '', 0, 0, '2024-10-25 00:00:00', '2024-11-27 02:51:56'),
( 11, '2024T655', '', 11.00, 9, 33, '', '', '', '', '', 0, 0, '2024-06-07 00:00:00', '2024-11-27 02:51:56'),
( 12, '2024X684', '', 12.00, 6, 108, '', '', '', '', '', 0, 0, '2023-11-08 00:00:00', '2024-11-27 02:51:56'),
( 13, '2024Q670', '', 13.00, 3, 39, '', '', '', '', '', 0, 0, '2023-11-30 00:00:00', '2024-11-27 02:51:56'),
( 14, '2024O120', '', 14.00, 5, 28, '', '', '', '', '', 0, 0, '2023-11-15 00:00:00', '2024-11-27 02:51:56'),
( 15, '2024Q553', '', 15.00, 7, 135, '', '', '', '', '', 0, 0, '2023-11-17 00:00:00', '2024-11-27 02:51:56'),
( 16, '2024C132', '', 16.00, 9, 64, '', '', '', '', '', 0, 0, '2024-09-27 00:00:00', '2024-11-27 02:51:56'),
( 17, '2024W452', '', 17.00, 4, 136, '', '', '', '', '', 0, 0, '2023-11-17 00:00:00', '2024-11-27 02:51:56'),
( 18, '2024O562', '', 18.00, 10, 36, '', '', '', '', '', 0, 0, '2024-03-14 00:00:00', '2024-11-27 02:51:56'),
( 19, '2024T531', '', 19.00, 2, 38, '', '', '', '', '', 0, 0, '2024-05-02 00:00:00', '2024-11-27 02:51:56'),
( 20, '2024F740', '', 20.00, 10, 120, '', '', '', '', '', 0, 0, '2024-01-09 00:00:00', '2024-11-27 02:51:56'),
( 1, '2024J651', '', 1.00, 10, 9, '', '', '', '', '', 0, 0, '2024-11-27 00:00:00', '2024-08-29 00:00:00'),
( 2, '2024Z902', '', 2.00, 6, 2, '', '', '', '', '', 0, 0, '2024-07-04 00:00:00', '2024-01-12 00:00:00'),
( 3, '2024Y632', '', 3.00, 2, 30, '', '', '', '', '', 0, 0, '2023-11-20 00:00:00', '2024-07-27 00:00:00'),
( 4, '2024A460', '', 4.00, 10, 20, '', '', '', '', '', 0, 0, '2024-09-23 00:00:00', '2024-01-16 00:00:00'),
( 5, '2024T723', '', 5.00, 2, 40, '', '', '', '', '', 0, 0, '2024-10-10 00:00:00', '2024-11-27 00:00:00'),
( 6, '2024E177', '', 6.00, 10, 30, '', '', '', '', '', 0, 0, '2024-08-18 00:00:00', '2024-11-29 00:00:00'),
( 7, '2024F323', '', 7.00, 7, 35, '', '', '', '', '', 0, 0, '2024-11-27 00:00:00', '2024-03-22 00:00:00'),
( 8, '2024M788', '', 8.00, 4, 48, '', '', '', '', '', 0, 0, '2024-06-15 00:00:00', '2024-01-29 00:00:00'),
( 9, '2024U784', '', 9.00, 5, 72, '', '', '', '', '', 0, 0, '2024-07-06 00:00:00', '2024-06-08 00:00:00'),
( 10, '2024O561', '', 10.00, 9, 90, '', '', '', '', '', 0, 0, '2023-11-22 00:00:00', '2024-11-18 00:00:00'),
( 60, '2024N966', '', 60.00, 4, 420, '', '', '', '', '', 0, 0, '2024-08-09 00:00:00', '2024-07-14 00:00:00'),
( 61, '2024U464', '', 61.00, 7, 549, '', '', '', '', '', 0, 0, '2024-06-05 00:00:00', '2024-12-05 00:00:00'),
( 62, '2024D822', '', 62.00, 7, 558, '', '', '', '', '', 0, 0, '2023-07-13 00:00:00', '2024-07-15 00:00:00'),
( 63, '2024J360', '', 63.00, 4, 441, '', '', '', '', '', 0, 0, '2024-11-26 00:00:00', '2024-12-07 00:00:00'),
( 64, '2024N859', '', 64.00, 7, 448, '', '', '', '', '', 0, 0, '2023-11-11 00:00:00', '2024-11-05 00:00:00'),
( 65, '2024W744', '', 65.00, 1, 650, '', '', '', '', '', 0, 0, '2023-11-02 00:00:00', '2024-12-22 00:00:00'),
( 66, '2024O829', '', 66.00, 5, 462, '', '', '', '', '', 0, 0, '2024-08-05 00:00:00', '2024-07-28 00:00:00'),
( 67, '2024F362', '', 67.00, 9, 268, '', '', '', '', '', 0, 0, '2024-09-26 00:00:00', '2024-06-09 00:00:00'),
( 68, '2024G121', '', 68.00, 4, 340, '', '', '', '', '', 0, 0, '2024-04-30 00:00:00', '2024-12-26 00:00:00'),
( 69, '2024M468', '', 69.00, 7, 621, '', '', '', '', '', 0, 0, '2024-10-10 00:00:00', '2024-05-05 00:00:00'),
( 60, '2024O711', '', 60.00, 8, 540, '', '', '', '', '', 0, 0, '2024-07-12 00:00:00', '2024-05-03 00:00:00'),
(61, '2024K190', '', 61.00, 3, 549, '', '', '', '', '', 0, 0, '2024-11-27 00:00:00', '2024-09-16 00:00:00'),
(62, '2024O673', '', 62.00, 6, 434, '', '', '', '', '', 0, 0, '2024-02-25 00:00:00', '2024-07-13 00:00:00'),
(63, '2024X862', '', 63.00, 6, 189, '', '', '', '', '', 0, 0, '2024-11-26 00:00:00', '2024-11-19 00:00:00'),
(64, '2024E322', '', 64.00, 7, 512, '', '', '', '', '', 0, 0, '2023-11-21 00:00:00', '2024-04-24 00:00:00'),
(65, '2024C570', '', 65.00, 4, 130, '', '', '', '', '', 0, 0, '2024-10-28 00:00:00', '2024-07-17 00:00:00'),
(66, '2024Z320', '', 66.00, 4, 528, '', '', '', '', '', 0, 0, '2024-05-09 00:00:00', '2024-06-16 00:00:00'),
(67, '2024L781', '', 67.00, 6, 201, '', '', '', '', '', 0, 0, '2024-09-22 00:00:00', '2024-04-19 00:00:00'),
(68, '2024A348', '', 68.00, 3, 408, '', '', '', '', '', 0, 0, '2023-07-14 00:00:00', '2024-12-15 00:00:00'),
(69, '2024A305', '', 69.00, 1, 552, '', '', '', '', '', 0, 0, '2024-10-01 00:00:00', '2024-08-11 00:00:00'),
(60, '2024A227', '', 60.00, 8, 60, '', '', '', '', '', 0, 0, '2024-10-31 00:00:00', '2024-04-14 00:00:00'),
(61, '2024N722', '', 61.00, 10, 366, '', '', '', '', '', 0, 0, '2024-08-11 00:00:00', '2024-08-06 00:00:00'),
(62, '2024U308', '', 62.00, 8, 62, '', '', '', '', '', 0, 0, '2024-01-26 00:00:00', '2024-02-29 00:00:00'),
(63, '2024H987', '', 63.00, 1, 189, '', '', '', '', '', 0, 0, '2023-03-17 00:00:00', '2024-01-21 00:00:00'),
(64, '2024U753', '', 64.00, 3, 256, '', '', '', '', '', 0, 0, '2024-09-17 00:00:00', '2024-03-17 00:00:00'),
(65, '2024E314', '', 65.00, 7, 455, '', '', '', '', '', 0, 0, '2024-07-19 00:00:00', '2024-03-16 00:00:00'),
(66, '2024I171', '', 66.00, 4, 462, '', '', '', '', '', 0, 0, '2024-11-27 00:00:00', '2024-09-01 00:00:00'),
(67, '2024Z870', '', 67.00, 4, 201, '', '', '', '', '', 0, 0, '2024-07-05 00:00:00', '2024-10-30 00:00:00'),
(68, '2024V689', '', 68.00, 8, 680, '', '', '', '', '', 0, 0, '2024-10-08 00:00:00', '2024-06-04 00:00:00'),
(69, '2024T453', '', 69.00, 8, 483, '', '', '', '', '', 0, 0, '2023-07-13 00:00:00', '2024-10-12 00:00:00'),
(60, '2024A425', '', 60.00, 8, 540, '', '', '', '', '', 0, 0, '2024-10-07 00:00:00', '2024-10-28 00:00:00'),
(61, '2024V638', '', 61.00, 6, 610, '', '', '', '', '', 0, 0, '2023-11-30 00:00:00', '2024-05-06 00:00:00'),
(62, '2024Q283', '', 62.00, 1, 496, '', '', '', '', '', 0, 0, '2024-10-17 00:00:00', '2024-03-10 00:00:00'),
(63, '2024N979', '', 63.00, 4, 567, '', '', '', '', '', 0, 0, '2024-09-01 00:00:00', '2024-03-31 00:00:00'),
(64, '2024U207', '', 64.00, 3, 64, '', '', '', '', '', 0, 0, '2024-08-09 00:00:00', '2024-10-09 00:00:00'),
(65, '2024S385', '', 65.00, 5, 65, '', '', '', '', '', 0, 0, '2024-11-27 00:00:00', '2024-02-05 00:00:00'),
(66, '2024I447', '', 66.00, 10, 330, '', '', '', '', '', 0, 0, '2024-09-06 00:00:00', '2024-04-16 00:00:00'),
(67, '2024W464', '', 67.00, 5, 67, '', '', '', '', '', 0, 0, '2024-11-27 00:00:00', '2024-06-10 00:00:00'),
(68, '2024L887', '', 68.00, 1, 476, '', '', '', '', '', 0, 0, '2023-11-08 00:00:00', '2024-08-05 00:00:00'),
(69, '2024Q487', '', 69.00, 3, 621, '', '', '', '', '', 0, 0, '2024-05-25 00:00:00', '2024-06-03 00:00:00'),
(85, '2024D582', '', 85.00, 7, 595, '', '', '', '', '', 0, 0, '2024-03-15 00:00:00', '2024-06-20 00:00:00'),
(90, '2024G235', '', 90.00, 3, 270, '', '', '', '', '', 0, 0, '2024-07-27 00:00:00', '2024-11-01 00:00:00'),
(75, '2024B711', '', 75.00, 9, 675, '', '', '', '', '', 0, 0, '2024-11-27 00:00:00', '2024-10-10 00:00:00'),
(92, '2024X456', '', 92.00, 5, 460, '', '', '', '', '', 0, 0, '2024-12-07 00:00:00', '2024-05-07 00:00:00'),
(80, '2024H903', '', 80.00, 8, 640, '', '', '', '', '', 0, 0, '2024-03-16 00:00:00', '2024-11-12 00:00:00'),
(77, '2024A982', '', 77.00, 7, 539, '', '', '', '', '', 0, 0, '2024-03-07 00:00:00', '2024-06-03 00:00:00'),
(83, '2024C459', '', 83.00, 3, 249, '', '', '', '', '', 0, 0, '2024-01-09 00:00:00', '2024-08-17 00:00:00'),
(70, '2024D712', '', 70.00, 9, 630, '', '', '', '', '', 0, 0, '2024-05-22 00:00:00', '2024-07-05 00:00:00'),
(94, '2024E201', '', 94.00, 2, 188, '', '', '', '', '', 0, 0, '2024-05-09 00:00:00', '2024-09-19 00:00:00'),
(85, '2024F648', '', 85.00, 10, 850, '', '', '', '', '', 0, 0, '2024-02-27 00:00:00', '2024-06-30 00:00:00'),
(76, '2024G314', '', 76.00, 6, 456, '', '', '', '', '', 0, 0, '2024-01-02 00:00:00', '2024-11-04 00:00:00'),
(92, '2024H073', '', 92.00, 8, 736, '', '', '', '', '', 0, 0, '2024-09-24 00:00:00', '2024-12-14 00:00:00'),
(79, '2024I125', '', 79.00, 5, 395, '', '', '', '', '', 0, 0, '2024-04-23 00:00:00', '2024-11-29 00:00:00'),
(96, '2024J899', '', 96.00, 4, 384, '', '', '', '', '', 0, 0, '2024-11-23 00:00:00', '2024-04-20 00:00:00'),
(81, '2024K532', '', 81.00, 3, 243, '', '', '', '', '', 0, 0, '2024-08-01 00:00:00', '2024-01-10 00:00:00'),
(88, '2024L385', '', 88.00, 2, 176, '', '', '', '', '', 0, 0, '2023-07-15 00:00:00', '2024-02-05 00:00:00'),
(98, '2024M671', '', 98.00, 1, 98, '', '', '', '', '', 0, 0, '2024-06-19 00:00:00', '2024-10-18 00:00:00'),
(84, '2024N287', '', 84.00, 4, 336, '', '', '', '', '', 0, 0, '2024-10-15 00:00:00', '2024-12-23 00:00:00'),
(90, '2024O450', '', 90.00, 6, 540, '', '', '', '', '', 0, 0, '2024-06-10 00:00:00', '2024-05-14 00:00:00'),
(75, '2024P640', '', 75.00, 9, 675, '', '', '', '', '', 0, 0, '2024-09-16 00:00:00', '2024-11-01 00:00:00'),
(79, '2024A932', '', 79.00, 5, 395, '', '', '', '', '', 0, 0, '2024-09-03 00:00:00', '2024-11-26 00:00:00'),
(83, '2024B714', '', 83.00, 3, 249, '', '', '', '', '', 0, 0, '2024-03-03 00:00:00', '2024-11-26 00:00:00'),
(95, '2024C132', '', 95.00, 8, 760, '', '', '', '', '', 0, 0, '2024-06-03 00:00:00', '2024-11-26 00:00:00'),
(74, '2024D806', '', 74.00, 6, 444, '', '', '', '', '', 0, 0, '2023-11-25 00:00:00', '2024-11-26 00:00:00'),
(86, '2024E945', '', 86.00, 4, 344, '', '', '', '', '', 0, 0, '2024-05-23 00:00:00', '2024-11-26 00:00:00'),
(77, '2024F211', '', 77.00, 2, 154, '', '', '', '', '', 0, 0, '2023-11-05 00:00:00', '2024-11-26 00:00:00'),
(98, '2024G308', '', 98.00, 10, 980, '', '', '', '', '', 0, 0, '2024-05-05 00:00:00', '2024-11-26 00:00:00'),
(80, '2024H051', '', 80.00, 9, 720, '', '', '', '', '', 0, 0, '2024-01-23 00:00:00', '2024-11-26 00:00:00'),
(91, '2024I548', '', 91.00, 1, 91, '', '', '', '', '', 0, 0, '2024-07-01 00:00:00', '2024-11-26 00:00:00'),
(93, '2024J923', '', 93.00, 7, 651, '', '', '', '', '', 0, 0, '2024-02-24 00:00:00', '2024-11-26 00:00:00'),
(70, '2024K624', '', 70.00, 8, 560, '', '', '', '', '', 0, 0, '2024-10-02 00:00:00', '2024-11-26 00:00:00'),
(88, '2024L371', '', 88.00, 3, 264, '', '', '', '', '', 0, 0, '2023-11-25 00:00:00', '2024-11-26 00:00:00'),
(75, '2024M852', '', 75.00, 5, 375, '', '', '', '', '', 0, 0, '2023-03-31 00:00:00', '2024-11-26 00:00:00'),
(89, '2024N468', '', 89.00, 4, 356, '', '', '', '', '', 0, 0, '2024-10-20 00:00:00', '2024-11-26 00:00:00'),
(97, '2024O217', '', 97.00, 6, 582, '', '', '', '', '', 0, 0, '2024-05-12 00:00:00', '2024-11-26 00:00:00');


INSERT INTO `supplier_history` (`material_name`, `type`, `stock`, `enter_stock`, `selling_price`, `unit`, `remarks`, `user_id`, `date_created_at`, `date_updated_at`) VALUES
('Plastic Cups (M) - 65 pcs each bundle', '2', 100, 0, 90.00, '3', 'AVAILABLE', 4, '2024-11-17 13:48:10', '0000-00-00 00:00:00'),
('Plastic Cups (L) - 65 pcs each bundle', '2', 100, 0, 90.00, '3', 'AVAILABLE', 4, '2024-11-17 13:48:10', '0000-00-00 00:00:00');


INSERT INTO `supplier_material` (`sm_id`, `material_name`, `type`, `stock`, `enter_stock`, `selling_price`, `unit`, `remarks`, `comment`, `image`, `user_id`, `date_created_at`, `date_updated_at`) VALUES
(1, 'Plastic Cups (- 1-ML', '2', 118, 0, 90.00, '', 'AVAILABLE', '', '', 4, '2024-01-05 10:00:00', '0000-00-00 00:00:00'),
(2, 'Plastic Cups (- 1-ML', '2', 254, 0, 90.00, '', 'AVAILABLE', '', '', 6, '2024-01-06 12:00:00', '0000-00-00 00:00:00'),
(3, 'Paper box plate - 2-G', '1', -85, 0, 100.00, '', 'NO QUANTITY', '', '', 5, '2024-01-07 08:30:00', '0000-00-00 00:00:00'),
(4, 'Straw - 3-G', '2', 68, 0, 111.00, '', 'AVAILABLE', '', '', 7, '2024-01-08 14:00:00', '0000-00-00 00:00:00'),
(5, 'Milk Tea Syrup - 1-ML', '1', 122, 0, 95.00, '', 'AVAILABLE', 'Fresh batch of syrup for milk tea', '', 6, '2024-01-09 13:30:00', '0000-00-00 00:00:00'),
(6, 'Tapioca Pearls - 2-G', '1', 47, 0, 150.00, '', 'LOW QUANTITY', 'Fresh batch of tapioca pearls', '', 5, '2024-01-10 11:00:00', '0000-00-00 00:00:00'),
(7, 'Burger Patties - 2-G', '1', 140, 0, 180.00, '', 'AVAILABLE', 'Fresh batch of burger patties', '', 4, '2024-01-11 14:30:00', '0000-00-00 00:00:00'),
(8, 'Burger Buns - 3-G', '1', 180, 0, 60.00, '', 'AVAILABLE', 'Fresh batch of burger buns', '', 5, '2024-01-12 16:30:00', '0000-00-00 00:00:00'),
(9, 'French Fries - 2-G', '1', 160, 0, 120.00, '', 'LOW QUANTITY', 'Fries running low', '', 6, '2024-01-13 10:00:00', '0000-00-00 00:00:00'),
(10, 'Chicken Wings - 3-G', '1', 18, 0, 200.00, '', 'AVAILABLE', 'Fresh chicken wings in stock', '', 7, '2024-01-14 12:00:00', '0000-00-00 00:00:00'),
(11, 'Chicken Strips - 3-G', '1', 108, 0, 135.00, '', 'AVAILABLE', 'Fresh batch of chicken strips', '', 5, '2024-01-15 13:30:00', '0000-00-00 00:00:00'),
(12, 'Fries Box - 3-Pcs', '2', 125, 0, 50.00, '', 'AVAILABLE', 'Fries boxes in stock', '', 6, '2024-01-16 14:00:00', '0000-00-00 00:00:00'),
(13, 'Straw Holder - 3-Pcs', '2', 112, 0, 45.00, '', 'AVAILABLE', 'Plenty of straw holders in stock', '', 4, '2024-01-17 08:45:00', '0000-00-00 00:00:00'),
(14, 'Bubble Wrap - 3-Pcs', '2', 200, 0, 30.00, '', 'AVAILABLE', 'Bubble wraps available for packaging', '', 5, '2024-01-18 11:30:00', '0000-00-00 00:00:00'),
(15, 'Burger Wrapping Paper - 3-Pcs', '2', 194, 0, 25.00, '', 'AVAILABLE', 'Burger wrapping papers in stock', '', 7, '2024-01-19 09:00:00', '0000-00-00 00:00:00'),
(16, 'Chicken Skewers - 3-Pcs', '1', 73, 0, 130.00, '', 'LOW QUANTITY', 'Few chicken skewers left', '', 6, '2024-01-20 14:45:00', '0000-00-00 00:00:00'),
(17, 'Fries Bag - 3-Pcs', '2', 47, 0, 35.00, '', 'NO QUANTITY', 'Out of fries bags', '', 5, '2024-01-21 13:00:00', '0000-00-00 00:00:00'),
(18, 'Milk Tea Cup - 3-Pcs', '2', 42, 0, 80.00, '', 'AVAILABLE', 'Milk tea cups available for serving', '', 7, '2024-01-22 14:00:00', '0000-00-00 00:00:00'),
(19, 'Plastic Lids - 3-Pcs', '2', 177, 0, 60.00, '', 'LOW QUANTITY', 'Plastic lids are running low', '', 4, '2024-01-23 12:00:00', '0000-00-00 00:00:00'),
(20, 'Napkins - 3-Pcs', '2', 181, 0, 20.00, '', 'AVAILABLE', 'Plenty of napkins in stock', '', 5, '2024-01-24 10:30:00', '0000-00-00 00:00:00'),
(21, 'Tapioca Pearls - 2-g', '1', 56, 0, 100.00, '', 'AVAILABLE', 'Fresh batch of tapioca pearls', '', 5, '2023-01-01 08:00:00', '0000-00-00 00:00:00'),
(22, 'Milk Tea Syrup - 1-ml', '1', 53, 0, 90.00, '', 'LOW QUANTITY', 'Limited supply of milk tea syrup', '', 6, '2023-01-02 09:00:00', '0000-00-00 00:00:00'),
(23, 'Boba Straws - 3-pcs', '2', 113, 0, 150.00, '', 'AVAILABLE', 'Out of stock for boba straws', '', 7, '2023-01-03 10:30:00', '0000-00-00 00:00:00'),
(24, 'Burger Patties - 2-g', '1', 59, 0, 200.00, '', 'AVAILABLE', 'Fresh batch of burger patties', '', 5, '2023-01-04 11:00:00', '0000-00-00 00:00:00'),
(25, 'Burger Buns - 3-pcs', '1', 117, 0, 120.00, '', 'AVAILABLE', 'Fresh batch of burger buns', '', 6, '2023-01-05 12:00:00', '0000-00-00 00:00:00'),
(26, 'French Fries - 2-g', '1', 94, 0, 75.00, '', 'LOW QUANTITY', 'Fries running low', '', 7, '2023-01-06 13:00:00', '0000-00-00 00:00:00'),
(27, 'Chicken Wings - 3-pcs', '1', 132, 0, 300.00, '', 'AVAILABLE', 'Fresh chicken wings in stock', '', 5, '2023-01-07 14:30:00', '0000-00-00 00:00:00'),
(28, 'Chicken Strips - 3-pcs', '1', 53, 0, 150.00, '', 'AVAILABLE', 'Fresh batch of chicken strips', '', 6, '2023-01-08 15:00:00', '0000-00-00 00:00:00'),
(29, 'Garlic Sauce - 1-ml', '1', 27, 0, 60.00, '', 'AVAILABLE', 'Plenty of garlic sauce in stock', '', 7, '2023-01-09 16:00:00', '0000-00-00 00:00:00'),
(30, 'Fries Seasoning - 1-ml', '1', 49, 0, 75.00, '', 'LOW QUANTITY', 'Fries seasoning running low', '', 5, '2023-01-10 17:30:00', '0000-00-00 00:00:00'),
(31, 'Barbecue Sauce - 1-ml', '1', 87, 0, 80.00, '', 'NO QUANTITY', 'Out of barbecue sauce', '', 6, '2023-01-11 18:00:00', '0000-00-00 00:00:00'),
(32, 'Fries Box - 3-pcs', '2', 2, 0, 40.00, '', 'AVAILABLE', 'Fries boxes in stock', '', 7, '2023-01-12 19:00:00', '0000-00-00 00:00:00'),
(33, 'Straw Holder - 3-pcs', '2', 66, 0, 90.00, '', 'AVAILABLE', 'Plenty of straw holders in stock', '', 5, '2023-01-13 20:30:00', '0000-00-00 00:00:00'),
(34, 'Bubble Wrap - 3-pcs', '2', 33, 0, 70.00, '', 'AVAILABLE', 'Bubble wraps available for packaging', '', 6, '2023-01-14 09:00:00', '0000-00-00 00:00:00'),
(35, 'Burger Wrapping Paper - 3-pcs', '2', 47, 0, 60.00, '', 'AVAILABLE', 'Burger wrapping papers in stock', '', 7, '2023-01-15 10:30:00', '0000-00-00 00:00:00'),
(36, 'Chicken Skewers - 3-pcs', '1', 199, 0, 150.00, '', 'LOW QUANTITY', 'Few chicken skewers left', '', 5, '2023-01-16 11:00:00', '0000-00-00 00:00:00'),
(37, 'Fries Bag - 3-pcs', '2', 137, 0, 87.00, '', 'NO QUANTITY', 'Out of fries bags', '', 6, '2024-01-17 12:00:00', '0000-00-00 00:00:00'),
(38, 'Milk Tea Cup - 3-pcs', '2', 24, 0, 59.00, '', 'AVAILABLE', 'Milk tea cups available for serving', '', 7, '2024-01-18 13:00:00', '0000-00-00 00:00:00'),
(39, 'Plastic Lids - 3-pcs', '2', 22, 0, 135.00, '', 'LOW QUANTITY', 'Plastic lids are running low', '', 5, '2024-01-19 14:30:00', '0000-00-00 00:00:00'),
(40, 'Napkins - 3-pcs', '2', 7, 0, 34.00, '', 'AVAILABLE', 'Plenty of napkins in stock', '', 6, '2024-01-20 15:00:00', '0000-00-00 00:00:00'),
(41, 'Shredded Cheese - 2-g', '1', 147, 0, 31.00, '', 'AVAILABLE', 'Fresh batch of shredded cheese', '', 7, '2024-01-21 16:00:00', '0000-00-00 00:00:00'),
(42, 'Mayonnaise - 1-ml', '1', 115, 0, 83.00, '', 'AVAILABLE', 'Plenty of mayonnaise in stock', '', 5, '2024-01-22 17:30:00', '0000-00-00 00:00:00'),
(43, 'Ketchup - 1-ml', '1', 70, 0, 103.00, '', 'LOW QUANTITY', 'Limited stock of ketchup', '', 6, '2024-01-23 18:00:00', '0000-00-00 00:00:00'),
(44, 'Lettuce - 2-g', '1', 101, 0, 199.00, '', 'AVAILABLE', 'Fresh lettuce for salads and burgers', '', 7, '2024-01-24 19:00:00', '0000-00-00 00:00:00'),
(45, 'Pickles - 2-g', '1', 89, 0, 51.00, '', 'AVAILABLE', 'Plenty of pickles in stock', '', 5, '2024-01-25 10:00:00', '0000-00-00 00:00:00'),
(46, 'Extra Spicy Chicken Sauce - 1-ml', '1', 189, 0, 187.00, '', 'LOW QUANTITY', 'Spicy chicken sauce running low', '', 6, '2024-01-26 11:30:00', '0000-00-00 00:00:00'),
(47, 'Pizza Dough - 2-g', '1', 128, 0, 61.00, '', 'AVAILABLE', 'Fresh pizza dough for pizza base', '', 5, '2024-01-27 12:00:00', '0000-00-00 00:00:00'),
(48, 'Mozzarella Cheese - 2-g', '1', 125, 0, 37.00, '', 'AVAILABLE', 'Mozzarella cheese for topping', '', 6, '2024-01-28 13:00:00', '0000-00-00 00:00:00'),
(49, 'Tomato Sauce - 1-ml', '1', 13, 0, 156.00, '', 'LOW QUANTITY', 'Limited supply of tomato sauce', '', 7, '2024-01-29 14:30:00', '0000-00-00 00:00:00'),
(50, 'Basil - 2-g', '1', 100, 0, 75.00, '', 'AVAILABLE', 'Fresh basil for pizzas and salads', '', 5, '2024-01-30 15:00:00', '0000-00-00 00:00:00'),
(51, 'Fries Bag - 3-pcs', '2', 137, 0, 90.00, '', 'AVAILABLE', 'No Stock', '', 5, '2023-01-01 08:00:00', '0000-00-00 00:00:00'),
(52, 'Milk Tea Cup - 3-pcs', '2', 24, 0, 90.00, '', 'LOW QUANTITY', 'Milk tea cups available for serving', '', 6, '2023-01-02 09:00:00', '0000-00-00 00:00:00'),
(53, 'Plastic Lids - 3-pcs', '2', 22, 0, 111.00, '', 'LOW QUANTITY', 'Plastic lids are running low', '', 7, '2023-01-03 10:30:00', '0000-00-00 00:00:00'),
(54, 'Napkins - 3-pcs', '2', 7, 0, 34.00, '', 'AVAILABLE', 'Plenty of napkins in stock', '', 5, '2023-01-04 11:00:00', '0000-00-00 00:00:00'),
(55, 'Shredded Cheese - 2-g', '1', 147, 0, 31.00, '', 'AVAILABLE', 'Fresh batch of shredded cheese', '', 6, '2023-01-05 12:00:00', '0000-00-00 00:00:00'),
(56, 'Mayonnaise - 1-ml', '1', 115, 0, 83.00, '', 'AVAILABLE', 'Plenty of mayonnaise in stock', '', 7, '2023-01-06 13:00:00', '0000-00-00 00:00:00'),
(57, 'Ketchup - 1-ml', '1', 70, 0, 103.00, '', 'LOW QUANTITY', 'Limited stock of ketchup', '', 5, '2023-01-07 14:00:00', '0000-00-00 00:00:00'),
(58, 'Lettuce - 2-g', '1', 101, 0, 199.00, '', 'AVAILABLE', 'Fresh lettuce for salads and burgers', '', 6, '2023-01-08 15:00:00', '0000-00-00 00:00:00'),
(59, 'Pickles - 2-g', '1', 89, 0, 51.00, '', 'AVAILABLE', 'Plenty of pickles in stock', '', 7, '2023-01-09 16:00:00', '0000-00-00 00:00:00'),
(60, 'Extra Spicy Chicken Sauce - 1-ml', '1', 189, 0, 187.00, '', 'LOW QUANTITY', 'Spicy chicken sauce running low', '', 5, '2023-01-10 17:00:00', '0000-00-00 00:00:00'),
(61, 'Pizza Dough - 2-g', '1', 128, 0, 61.00, '', 'AVAILABLE', 'Fresh pizza dough for pizza base', '', 6, '2023-01-11 18:00:00', '0000-00-00 00:00:00'),
(62, 'Mozzarella Cheese - 2-g', '1', 125, 0, 37.00, '', 'AVAILABLE', 'Mozzarella cheese for topping', '', 7, '2023-01-12 19:00:00', '0000-00-00 00:00:00'),
(63, 'Tomato Sauce - 1-ml', '1', 13, 0, 156.00, '', 'LOW QUANTITY', 'Limited supply of tomato sauce', '', 5, '2023-01-13 20:00:00', '0000-00-00 00:00:00'),
(64, 'Pepperoni Slices - 2-g', '1', 140, 0, 31.00, '', 'AVAILABLE', 'Pepperoni slices for pizza topping', '', 6, '2023-01-14 21:00:00', '0000-00-00 00:00:00'),
(65, 'Mushrooms - 2-g', '1', 136, 0, 187.00, '', 'AVAILABLE', 'Fresh mushrooms for pizza topping', '', 7, '2023-01-15 08:30:00', '0000-00-00 00:00:00'),
(66, 'Olives - 2-g', '1', 126, 0, 67.00, '', 'LOW QUANTITY', 'Olives running low for topping', '', 5, '2023-01-16 09:00:00', '0000-00-00 00:00:00'),
(67, 'Pizza Boxes - 3-pcs', '2', 161, 0, 90.00, '', 'AVAILABLE', 'Pizza boxes available for packaging', '', 5, '2023-01-01 08:00:00', '0000-00-00 00:00:00'),
(68, 'Pizza Cutter - 3-pcs', '2', 131, 0, 90.00, '', 'AVAILABLE', 'Plenty of pizza cutters in stock', '', 6, '2023-01-02 09:00:00', '0000-00-00 00:00:00'),
(69, 'Garlic Butter Sauce - 1-ml', '1', 31, 0, 100.00, '', 'LOW QUANTITY', 'Fresh garlic butter sauce for pizza', '', 7, '2023-01-03 10:30:00', '0000-00-00 00:00:00'),
(70, 'Pizza Pans - 3-pcs', '2', 19, 0, 111.00, '', 'NO QUANTITY', 'Out of pizza pans', '', 5, '2023-01-04 11:00:00', '0000-00-00 00:00:00'),
(71, 'Basil Leaves - 2-g', '1', 79, 0, 150.00, '', 'AVAILABLE', 'Fresh basil leaves for pizza topping', '', 6, '2023-01-05 12:00:00', '0000-00-00 00:00:00'),
(72, 'Chili Flakes - 2-g', '1', 128, 0, 180.00, '', 'LOW QUANTITY', 'Chili flakes running low for pizza', '', 7, '2023-01-06 13:00:00', '0000-00-00 00:00:00'),
(73, 'Cheddar Cheese - 2-g', '1', 116, 0, 200.00, '', 'AVAILABLE', 'Cheddar cheese for pizza topping', '', 5, '2023-01-07 14:30:00', '0000-00-00 00:00:00'),
(74, 'Pizza Toppings Kit - 3-pcs', '2', 48, 0, 220.00, '', 'LOW QUANTITY', 'Pizza toppings kit running low', '', 6, '2023-01-08 15:00:00', '0000-00-00 00:00:00'),
(75, 'Pizza Peppers - 2-g', '1', 72, 0, 180.00, '', 'AVAILABLE', 'Fresh bell peppers for pizza topping', '', 7, '2023-01-09 16:00:00', '0000-00-00 00:00:00'),
(76, 'Lettuce - 2-g', '1', 147, 0, 100.00, '', 'AVAILABLE', 'Fresh lettuce for salads', '', 5, '2023-01-10 17:30:00', '0000-00-00 00:00:00'),
(77, 'Pizza Dipping Sauce - 1-ml', '1', 130, 0, 50.00, '', 'LOW QUANTITY', 'Limited dipping sauce available', '', 6, '2023-01-11 18:00:00', '0000-00-00 00:00:00'),
(78, 'Cornmeal - 2-g', '1', 141, 0, 60.00, '', 'AVAILABLE', 'Cornmeal for pizza crust', '', 7, '2023-01-12 19:00:00', '0000-00-00 00:00:00'),
(79, 'Balsamic Vinegar - 1-ml', '1', 110, 0, 70.00, '', 'AVAILABLE', 'Balsamic vinegar for pizza seasoning', '', 5, '2023-01-13 09:00:00', '0000-00-00 00:00:00'),
(80, 'Garlic Cloves - 2-g', '1', 20, 0, 80.00, '', 'AVAILABLE', 'Fresh garlic for pizza topping', '', 6, '2023-01-14 10:30:00', '0000-00-00 00:00:00'),
(81, 'Plastic Pizza Cutters - 3-pcs', '2', 5, 0, 95.00, '', 'LOW QUANTITY', 'Plastic pizza cutters running low', '', 7, '2023-01-15 11:00:00', '0000-00-00 00:00:00'),
(82, 'Pizza Oven - 3-pcs', '2', 122, 0, 300.00, '', 'AVAILABLE', 'Pizza ovens available for baking', '', 5, '2023-01-16 12:00:00', '0000-00-00 00:00:00'),
(83, 'Pizza Delivery Bags - 3-pcs', '2', 72, 0, 90.00, '', 'AVAILABLE', 'Pizza delivery bags in stock', '', 5, '2023-01-01 08:00:00', '0000-00-00 00:00:00'),
(84, 'Pizza Sauce Packets - 3-pcs', '2', 61, 0, 100.00, '', 'NO QUANTITY', 'Out of pizza sauce packets', '', 6, '2023-01-02 09:00:00', '0000-00-00 00:00:00'),
(85, 'Extra Cheese Packets - 3-pcs', '2', 115, 0, 120.00, '', 'AVAILABLE', 'Extra cheese packets for pizza', '', 7, '2023-01-03 10:30:00', '0000-00-00 00:00:00'),
(86, 'Tomato Paste - 1-ml', '1', 26, 0, 80.00, '', 'LOW QUANTITY', 'Tomato paste for pizza sauce', '', 5, '2023-01-04 11:00:00', '0000-00-00 00:00:00'),
(87, 'Sugar - 2-g', '1', 27, 0, 70.00, '', 'AVAILABLE', 'Granulated sugar for frappe', '', 6, '2023-01-05 12:00:00', '0000-00-00 00:00:00'),
(88, 'Ice - 3-pcs', '1', 43, 0, 50.00, '', 'LOW QUANTITY', 'Ice cubes for frappe preparation', '', 7, '2023-01-06 13:00:00', '0000-00-00 00:00:00'),
(89, 'Milk - 1-ml', '1', 172, 0, 100.00, '', 'AVAILABLE', 'Fresh milk for frappe', '', 5, '2023-01-07 14:30:00', '0000-00-00 00:00:00'),
(90, 'Chocolate Syrup - 1-ml', '1', 80, 0, 120.00, '', 'AVAILABLE', 'Chocolate syrup for frappe topping', '', 6, '2023-01-08 15:00:00', '0000-00-00 00:00:00'),
(91, 'Coffee Powder - 2-g', '1', 171, 0, 110.00, '', 'LOW QUANTITY', 'Coffee powder for frappe', '', 7, '2023-01-09 16:00:00', '0000-00-00 00:00:00'),
(92, 'Vanilla Syrup - 1-ml', '1', 128, 0, 140.00, '', 'AVAILABLE', 'Vanilla syrup for frappe flavoring', '', 5, '2023-01-10 17:30:00', '0000-00-00 00:00:00'),
(93, 'Whipped Cream - 2-g', '1', 85, 0, 95.00, '', 'LOW QUANTITY', 'Whipped cream for frappe topping', '', 6, '2023-01-11 18:00:00', '0000-00-00 00:00:00'),
(94, 'Cups - 3-pcs', '2', 73, 0, 90.00, '', 'AVAILABLE', 'Disposable cups for serving frappe', '', 7, '2023-01-12 19:00:00', '0000-00-00 00:00:00'),
(95, 'Straws - 3-pcs', '2', 23, 0, 70.00, '', 'AVAILABLE', 'Straws for frappe', '', 5, '2023-01-13 09:00:00', '0000-00-00 00:00:00'),
(96, 'Blender - 3-pcs', '2', 185, 0, 300.00, '', 'AVAILABLE', 'Blenders for frappe preparation', '', 6, '2023-01-14 10:30:00', '0000-00-00 00:00:00'),
(97, 'Caramel Syrup - 1-ml', '1', 98, 0, 120.00, '', 'AVAILABLE', 'Caramel syrup for frappe', '', 7, '2023-01-15 11:00:00', '0000-00-00 00:00:00'),
(98, 'Ice Cream - 2-g', '1', 9, 0, 150.00, '', 'LOW QUANTITY', 'Ice cream for frappe', '', 5, '2023-01-16 12:00:00', '0000-00-00 00:00:00'),
(99, 'Plastic Spoons - 3-pcs', '2', 92, 0, 80.00, '', 'LOW QUANTITY', 'Plastic spoons for frappe', '', 6, '2023-01-17 13:30:00', '0000-00-00 00:00:00'),
(100, 'Cocoa Powder - 2-g', '1', 61, 0, 120.00, '', 'AVAILABLE', 'Cocoa powder for chocolate frappe', '', 5, '2023-01-14 10:30:00', '0000-00-00 00:00:00'),
(101, 'Plastic Lids - 3-pcs', '2', 127, 0, 85.00, '', 'AVAILABLE', 'Plastic lids for frappe cups', '', 6, '2023-01-15 11:00:00', '0000-00-00 00:00:00'),
(102, 'Espresso Shot - 1-ml', '1', 65, 0, 100.00, '', 'AVAILABLE', 'Espresso shot for coffee frappes', '', 7, '2023-01-16 12:00:00', '0000-00-00 00:00:00'),
(103, 'Mint Leaves - 2-g', '1', 93, 0, 110.00, '', 'AVAILABLE', 'Mint leaves for fresh frappes', '', 5, '2023-01-17 13:00:00', '0000-00-00 00:00:00'),
(104, 'Choco Chips - 2-g', '1', 177, 0, 130.00, '', 'AVAILABLE', 'Choco chips for topping frappe', '', 6, '2023-01-18 14:30:00', '0000-00-00 00:00:00'),
(105, 'Frappe Powder - 2-g', '1', 128, 0, 140.00, '', 'AVAILABLE', 'Special frappe powder', '', 7, '2023-01-19 15:00:00', '0000-00-00 00:00:00'),
(106, 'Plastic Wrap - 3-pcs', '2', 45, 0, 75.00, '', 'LOW QUANTITY', 'Plastic wrap for packaging frappe', '', 5, '2023-01-20 16:00:00', '0000-00-00 00:00:00'),
(107, 'Frappuccino Bottles - 3-pcs', '2', 101, 0, 95.00, '', 'AVAILABLE', 'Frappuccino bottles for storage', '', 6, '2023-01-21 17:00:00', '0000-00-00 00:00:00'),
(108, 'Pineapple Syrup - 1-ml', '1', 113, 0, 130.00, '', 'AVAILABLE', 'Pineapple syrup for tropical frappes', '', 7, '2023-01-22 18:30:00', '0000-00-00 00:00:00'),
(109, 'Boba Pearls - 2-g', '1', 31, 0, 150.00, '', 'AVAILABLE', 'Boba pearls for frappes', '', 5, '2023-01-23 19:30:00', '0000-00-00 00:00:00'),
(110, 'Cinnamon Powder - 2-g', '1', 181, 0, 110.00, '', 'AVAILABLE', 'Cinnamon powder for flavoring frappes', '', 6, '2023-01-24 20:00:00', '0000-00-00 00:00:00'),
(111, 'Frappe Cup Sleeves - 3-pcs', '2', 152, 0, 80.00, '', 'AVAILABLE', 'Frappe cup sleeves for serving', '', 7, '2023-01-25 09:00:00', '0000-00-00 00:00:00'),
(112, 'Marshmallows - 2-g', '1', 58, 0, 95.00, '', 'AVAILABLE', 'Marshmallows for frappe topping', '', 5, '2023-01-26 10:00:00', '0000-00-00 00:00:00'),
(113, 'Frappuccino Blended Drink - 3-pcs', '2', 140, 0, 160.00, '', 'AVAILABLE', 'Blended frappuccino drink', '', 6, '2023-01-27 11:30:00', '0000-00-00 00:00:00');

UPDATE product SET ca_id = 1 WHERE pr_id BETWEEN 1 AND 10;
UPDATE product SET ca_id = 2 WHERE pr_id BETWEEN 11 AND 22;
UPDATE product SET ca_id = 3 WHERE pr_id BETWEEN 23 AND 55;
UPDATE product SET ca_id = 4 WHERE pr_id BETWEEN 56 AND 64;
UPDATE product SET ca_id = 10 WHERE pr_id BETWEEN 65 AND 74;
UPDATE product SET ca_id = 11 WHERE pr_id BETWEEN 74 AND 113;

UPDATE material SET type = 1 WHERE type = 'RAW'
UPDATE material SET type = 2 WHERE type = 'DISPOSABLE'
UPDATE material SET unit = 1 WHERE unit = 'ML';
UPDATE material SET unit = 2 WHERE unit = 'G';
UPDATE material SET unit = 2 WHERE unit = 'PCS';